date,vacancies_k,unemployed_k,unemployment_rate,employment_rate,inactivity_rate,regular_pay_growth,vacancies_per_unemployed
2001-05-01,680.0,1468.0,5.0,72.7,23.4,4.9,0.46321525885558584
2001-06-01,674.0,1472.0,5.0,72.6,23.5,5.0,0.4578804347826087
2001-07-01,663.0,1483.0,5.1,72.6,23.5,5.1,0.4470667565745111
2001-08-01,664.0,1487.0,5.1,72.5,23.5,5.3,0.4465366509751177
2001-09-01,639.0,1487.0,5.1,72.5,23.5,5.2,0.429724277067922
2001-10-01,626.0,1495.0,5.1,72.6,23.4,5.0,0.4187290969899666
2001-11-01,602.0,1520.0,5.2,72.6,23.4,4.8,0.3960526315789474
2001-12-01,606.0,1518.0,5.2,72.5,23.5,4.7,0.39920948616600793
2002-01-01,616.0,1508.0,5.1,72.5,23.6,4.6,0.40848806366047746
2002-02-01,619.0,1515.0,5.2,72.5,23.6,4.7,0.4085808580858086
2002-03-01,619.0,1522.0,5.2,72.6,23.4,4.8,0.4067017082785808
2002-04-01,613.0,1542.0,5.2,72.6,23.3,4.7,0.3975356679636835
2002-05-01,616.0,1520.0,5.2,72.7,23.3,4.4,0.4052631578947368
2002-06-01,611.0,1527.0,5.2,72.6,23.4,4.3,0.40013097576948264
2002-07-01,613.0,1539.0,5.2,72.7,23.3,4.2,0.3983105912930474
2002-08-01,609.0,1566.0,5.3,72.6,23.3,3.9,0.3888888888888889
2002-09-01,609.0,1546.0,5.2,72.7,23.2,3.5,0.39391979301423025
2002-10-01,608.0,1532.0,5.2,72.8,23.2,3.2,0.3968668407310705
2002-11-01,603.0,1516.0,5.1,72.9,23.2,3.2,0.39775725593667544
2002-12-01,602.0,1480.0,5.0,72.8,23.4,3.0,0.40675675675675677
2003-01-01,596.0,1517.0,5.1,72.6,23.4,3.1,0.3928806855636124
2003-02-01,593.0,1531.0,5.2,72.7,23.3,3.1,0.387328543435663
2003-03-01,585.0,1517.0,5.1,72.7,23.3,3.1,0.38562953197099537
2003-04-01,589.0,1486.0,5.0,72.8,23.3,2.9,0.39636608344549124
2003-05-01,579.0,1467.0,4.9,72.9,23.3,3.1,0.3946830265848671
2003-06-01,574.0,1506.0,5.1,72.8,23.2,3.1,0.38114209827357237
2003-07-01,577.0,1504.0,5.1,72.8,23.3,3.0,0.3836436170212766
2003-08-01,592.0,1502.0,5.0,72.8,23.3,3.1,0.3941411451398136
2003-09-01,604.0,1473.0,5.0,72.8,23.3,3.4,0.41004752206381534
2003-10-01,610.0,1461.0,4.9,72.8,23.4,3.7,0.41752224503764546
2003-11-01,614.0,1457.0,4.9,72.8,23.5,3.7,0.42141386410432397
2003-12-01,613.0,1442.0,4.8,73.0,23.3,3.9,0.4251040221914008
2004-01-01,617.0,1436.0,4.8,73.0,23.2,3.8,0.4296657381615599
2004-02-01,624.0,1434.0,4.8,73.0,23.2,3.7,0.4351464435146444
2004-03-01,630.0,1437.0,4.8,73.0,23.3,3.4,0.4384133611691023
2004-04-01,637.0,1435.0,4.8,72.9,23.4,3.4,0.44390243902439025
2004-05-01,641.0,1437.0,4.8,72.9,23.4,3.5,0.44606819763395966
2004-06-01,652.0,1423.0,4.8,72.8,23.5,3.6,0.45818692902319047
2004-07-01,654.0,1405.0,4.7,72.8,23.5,3.7,0.46548042704626336
2004-08-01,654.0,1401.0,4.7,72.9,23.5,3.8,0.4668094218415418
2004-09-01,655.0,1397.0,4.7,72.9,23.5,3.8,0.46886184681460275
2004-10-01,657.0,1407.0,4.7,73.0,23.4,3.8,0.4669509594882729
2004-11-01,661.0,1423.0,4.7,73.0,23.3,3.8,0.4645115952213633
2004-12-01,661.0,1425.0,4.7,73.1,23.2,3.9,0.463859649122807
2005-01-01,655.0,1447.0,4.8,73.2,23.1,4.0,0.4526606772633034
2005-02-01,643.0,1416.0,4.7,73.1,23.3,4.1,0.4540960451977401
2005-03-01,636.0,1420.0,4.7,72.9,23.4,4.3,0.447887323943662
2005-04-01,642.0,1436.0,4.8,72.9,23.4,4.3,0.44707520891364905
2005-05-01,642.0,1437.0,4.8,72.9,23.4,4.3,0.44676409185803756
2005-06-01,634.0,1424.0,4.7,73.0,23.4,4.2,0.4452247191011236
2005-07-01,624.0,1420.0,4.7,73.0,23.3,4.3,0.4394366197183099
2005-08-01,621.0,1437.0,4.7,73.0,23.3,4.3,0.4321503131524008
2005-09-01,609.0,1500.0,4.9,72.9,23.3,4.5,0.406
2005-10-01,606.0,1538.0,5.1,72.8,23.3,4.4,0.3940182054616385
2005-11-01,609.0,1567.0,5.1,72.7,23.3,4.4,0.3886407147415444
2005-12-01,614.0,1551.0,5.1,72.8,23.3,4.1,0.39587362991618313
2006-01-01,613.0,1584.0,5.2,72.8,23.2,4.0,0.3869949494949495
2006-02-01,599.0,1604.0,5.2,72.9,23.0,4.0,0.3734413965087282
2006-03-01,598.0,1633.0,5.3,72.9,22.9,4.1,0.36619718309859156
2006-04-01,597.0,1664.0,5.4,72.8,23.0,3.9,0.35877403846153844
2006-05-01,604.0,1685.0,5.5,72.8,22.9,3.8,0.3584569732937685
2006-06-01,608.0,1698.0,5.5,72.9,22.8,4.0,0.3580683156654888
2006-07-01,611.0,1690.0,5.5,73.0,22.7,3.9,0.36153846153846153
2006-08-01,611.0,1693.0,5.5,72.8,22.9,3.7,0.36089781453041936
2006-09-01,618.0,1691.0,5.5,72.8,22.9,3.5,0.3654642223536369
2006-10-01,619.0,1674.0,5.4,72.7,23.0,3.7,0.3697729988052569
2006-11-01,621.0,1701.0,5.5,72.7,23.0,3.9,0.36507936507936506
2006-12-01,618.0,1703.0,5.5,72.6,23.1,4.1,0.362889019377569
2007-01-01,629.0,1708.0,5.5,72.5,23.2,3.9,0.36826697892271665
2007-02-01,642.0,1704.0,5.5,72.5,23.2,3.9,0.3767605633802817
2007-03-01,647.0,1692.0,5.5,72.5,23.2,3.9,0.382387706855792
2007-04-01,651.0,1670.0,5.4,72.7,23.1,4.0,0.3898203592814371
2007-05-01,659.0,1658.0,5.4,72.7,23.2,4.1,0.3974668275030157
2007-06-01,670.0,1645.0,5.3,72.6,23.2,4.1,0.4072948328267477
2007-07-01,681.0,1645.0,5.3,72.6,23.2,4.3,0.41398176291793315
2007-08-01,684.0,1650.0,5.3,72.7,23.2,4.5,0.41454545454545455
2007-09-01,686.0,1629.0,5.2,72.8,23.1,4.6,0.4211172498465316
2007-10-01,690.0,1633.0,5.2,72.8,23.1,4.4,0.4225352112676056
2007-11-01,687.0,1608.0,5.2,72.9,23.1,4.2,0.42723880597014924
2007-12-01,678.0,1617.0,5.2,72.9,23.0,4.0,0.41929499072356213
2008-01-01,687.0,1622.0,5.2,73.0,22.9,4.1,0.42355117139334153
2008-02-01,698.0,1622.0,5.2,73.0,23.0,4.1,0.43033292231812575
2008-03-01,693.0,1667.0,5.3,73.0,22.9,4.2,0.41571685662867425
2008-04-01,679.0,1625.0,5.2,73.0,22.9,4.4,0.41784615384615387
2008-05-01,657.0,1680.0,5.4,72.9,22.9,4.2,0.39107142857142857
2008-06-01,642.0,1724.0,5.5,72.8,22.9,4.0,0.3723897911832947
2008-07-01,625.0,1793.0,5.7,72.6,23.0,3.6,0.3485778025655326
2008-08-01,615.0,1840.0,5.9,72.4,23.0,3.4,0.3342391304347826
2008-09-01,596.0,1875.0,6.0,72.3,23.1,3.3,0.3178666666666667
2008-10-01,562.0,1941.0,6.2,72.3,22.9,3.4,0.2895414734672849
2008-11-01,527.0,2003.0,6.4,72.2,22.9,3.4,0.26310534198701946
2008-12-01,498.0,2057.0,6.5,72.2,22.7,3.3,0.24210014584346135
2009-01-01,478.0,2128.0,6.7,71.9,22.8,3.1,0.22462406015037595
2009-02-01,464.0,2235.0,7.1,71.7,22.8,2.9,0.2076062639821029
2009-03-01,454.0,2296.0,7.3,71.4,22.9,2.5,0.19773519163763068
2009-04-01,444.0,2395.0,7.6,71.0,23.0,2.2,0.18538622129436325
2009-05-01,431.0,2448.0,7.8,70.8,23.1,2.1,0.176062091503268
2009-06-01,429.0,2478.0,7.9,70.6,23.3,2.0,0.17312348668280872
2009-07-01,439.0,2484.0,7.9,70.7,23.2,1.9,0.17673107890499196
2009-08-01,436.0,2475.0,7.8,70.6,23.3,1.6,0.17616161616161616
2009-09-01,432.0,2484.0,7.9,70.6,23.3,1.3,0.17391304347826086
2009-10-01,437.0,2455.0,7.8,70.6,23.4,1.2,0.1780040733197556
2009-11-01,454.0,2453.0,7.8,70.6,23.4,1.1,0.18507949449653485
2009-12-01,465.0,2434.0,7.7,70.4,23.6,1.1,0.19104354971240756
2010-01-01,467.0,2496.0,7.9,70.3,23.6,1.4,0.18709935897435898
2010-02-01,465.0,2526.0,8.0,70.2,23.6,1.6,0.1840855106888361
2010-03-01,467.0,2510.0,8.0,70.2,23.6,1.8,0.18605577689243027
2010-04-01,479.0,2508.0,7.9,70.4,23.4,1.7,0.19098883572567782
2010-05-01,484.0,2488.0,7.9,70.4,23.5,1.6,0.1945337620578778
2010-06-01,479.0,2488.0,7.8,70.6,23.3,1.3,0.192524115755627
2010-07-01,461.0,2476.0,7.8,70.6,23.3,1.6,0.18618739903069467
2010-08-01,455.0,2470.0,7.8,70.7,23.2,1.9,0.18421052631578946
2010-09-01,455.0,2513.0,7.9,70.5,23.3,2.2,0.181058495821727
2010-10-01,473.0,2502.0,7.9,70.3,23.5,2.2,0.18904876099120704
2010-11-01,482.0,2503.0,7.9,70.4,23.5,2.3,0.19256891729924092
2010-12-01,495.0,2524.0,7.9,70.5,23.3,2.2,0.19611727416798733
2011-01-01,490.0,2492.0,7.8,70.6,23.3,2.2,0.19662921348314608
2011-02-01,482.0,2483.0,7.8,70.5,23.4,2.1,0.1941200161095449
2011-03-01,472.0,2462.0,7.7,70.5,23.5,2.0,0.1917140536149472
2011-04-01,461.0,2500.0,7.8,70.5,23.4,2.0,0.1844
2011-05-01,460.0,2540.0,7.9,70.5,23.3,2.0,0.18110236220472442
2011-06-01,457.0,2556.0,8.0,70.2,23.5,2.1,0.17879499217527386
2011-07-01,462.0,2610.0,8.2,70.2,23.4,2.0,0.17701149425287357
2011-08-01,464.0,2661.0,8.3,70.1,23.4,1.7,0.1743705373919579
2011-09-01,467.0,2677.0,8.4,70.1,23.3,1.6,0.17444901008591707
2011-10-01,461.0,2712.0,8.5,70.1,23.2,1.7,0.16998525073746312
2011-11-01,465.0,2688.0,8.4,70.2,23.2,1.8,0.17299107142857142
2011-12-01,475.0,2674.0,8.3,70.2,23.2,1.9,0.17763649962602843
2012-01-01,473.0,2654.0,8.3,70.3,23.2,1.6,0.17822155237377543
2012-02-01,467.0,2633.0,8.2,70.5,23.1,1.5,0.17736422331940752
2012-03-01,465.0,2624.0,8.2,70.5,23.1,1.5,0.17721036585365854
2012-04-01,470.0,2598.0,8.1,70.7,23.0,1.7,0.18090839107005388
2012-05-01,474.0,2575.0,8.0,70.9,22.8,1.7,0.18407766990291263
2012-06-01,480.0,2598.0,8.0,71.1,22.6,1.8,0.18475750577367206
2012-07-01,484.0,2549.0,7.9,71.2,22.6,1.8,0.18987838367987447
2012-08-01,488.0,2537.0,7.8,71.1,22.7,2.0,0.19235317303902247
2012-09-01,490.0,2534.0,7.8,71.1,22.7,1.8,0.19337016574585636
2012-10-01,493.0,2531.0,7.8,71.3,22.5,1.6,0.19478467009087316
2012-11-01,501.0,2534.0,7.8,71.4,22.4,1.4,0.19771112865035517
2012-12-01,502.0,2536.0,7.8,71.4,22.4,1.3,0.19794952681388012
2013-01-01,505.0,2584.0,8.0,71.2,22.5,1.2,0.19543343653250775
2013-02-01,506.0,2540.0,7.8,71.2,22.6,1.0,0.19921259842519684
2013-03-01,515.0,2525.0,7.8,71.2,22.6,0.8,0.20396039603960395
2013-04-01,522.0,2512.0,7.7,71.2,22.7,0.9,0.20780254777070065
2013-05-01,533.0,2515.0,7.7,71.3,22.5,1.0,0.21192842942345924
2013-06-01,540.0,2493.0,7.7,71.5,22.4,1.0,0.21660649819494585
2013-07-01,536.0,2504.0,7.7,71.5,22.4,0.9,0.21405750798722045
2013-08-01,548.0,2483.0,7.6,71.6,22.3,0.8,0.220700765203383
2013-09-01,551.0,2405.0,7.4,71.9,22.3,0.7,0.22910602910602912
2013-10-01,567.0,2341.0,7.2,72.0,22.3,0.7,0.24220418624519435
2013-11-01,573.0,2358.0,7.2,72.0,22.3,0.7,0.2430025445292621
2013-12-01,582.0,2340.0,7.1,72.1,22.2,0.9,0.24871794871794872
2014-01-01,596.0,2257.0,6.9,72.4,22.2,1.1,0.26406734603455917
2014-02-01,615.0,2212.0,6.7,72.5,22.2,1.3,0.2780289330922242
2014-03-01,639.0,2161.0,6.6,72.7,22.1,1.2,0.2956964368347987
2014-04-01,653.0,2112.0,6.4,72.9,22.0,0.7,0.3091856060606061
2014-05-01,662.0,2061.0,6.3,72.8,22.2,0.6,0.32120329936923825
2014-06-01,670.0,2010.0,6.1,72.8,22.3,0.5,0.3333333333333333
2014-07-01,682.0,1972.0,6.0,73.0,22.2,0.6,0.345841784989858
2014-08-01,686.0,1962.0,6.0,73.0,22.2,0.8,0.34964322120285424
2014-09-01,701.0,1954.0,5.9,73.0,22.3,1.1,0.3587512794268168
2014-10-01,703.0,1924.0,5.9,73.0,22.4,1.5,0.36538461538461536
2014-11-01,708.0,1870.0,5.7,73.2,22.3,1.7,0.3786096256684492
2014-12-01,710.0,1858.0,5.6,73.3,22.2,1.6,0.3821313240043057
2015-01-01,721.0,1840.0,5.6,73.4,22.1,1.5,0.3918478260869565
2015-02-01,729.0,1826.0,5.5,73.4,22.2,1.8,0.39923329682365827
2015-03-01,726.0,1813.0,5.5,73.4,22.2,2.2,0.40044125758411475
2015-04-01,727.0,1848.0,5.6,73.3,22.2,2.6,0.3933982683982684
2015-05-01,730.0,1848.0,5.6,73.4,22.2,2.7,0.395021645021645
2015-06-01,744.0,1821.0,5.5,73.5,22.2,2.7,0.4085667215815486
2015-07-01,744.0,1779.0,5.4,73.5,22.2,2.8,0.418212478920742
2015-08-01,742.0,1760.0,5.3,73.7,22.0,2.7,0.42159090909090907
2015-09-01,740.0,1716.0,5.2,73.9,21.9,2.4,0.43123543123543123
2015-10-01,741.0,1687.0,5.1,74.0,21.9,2.0,0.43924125666864255
2015-11-01,745.0,1688.0,5.1,74.1,21.9,1.9,0.44135071090047395
2015-12-01,747.0,1685.0,5.1,74.0,21.9,1.9,0.4433234421364985
2016-01-01,746.0,1701.0,5.1,74.1,21.8,2.2,0.4385655496766608
2016-02-01,745.0,1688.0,5.1,74.1,21.9,2.2,0.44135071090047395
2016-03-01,742.0,1667.0,5.0,74.1,21.9,2.3,0.4451109778044391
2016-04-01,746.0,1649.0,4.9,74.3,21.7,2.3,0.4523953911461492
2016-05-01,748.0,1645.0,4.9,74.4,21.7,2.2,0.4547112462006079
2016-06-01,753.0,1637.0,4.9,74.5,21.6,2.3,0.4599877825290165
2016-07-01,756.0,1670.0,5.0,74.4,21.6,2.2,0.45269461077844314
2016-08-01,756.0,1619.0,4.8,74.4,21.7,2.3,0.4669549104385423
2016-09-01,765.0,1615.0,4.8,74.4,21.7,2.4,0.47368421052631576
2016-10-01,757.0,1604.0,4.8,74.4,21.8,2.5,0.47194513715710723
2016-11-01,753.0,1587.0,4.7,74.5,21.7,2.6,0.47448015122873344
2016-12-01,744.0,1575.0,4.7,74.5,21.7,2.5,0.4723809523809524
2017-01-01,759.0,1553.0,4.6,74.6,21.7,2.3,0.48873148744365746
2017-02-01,766.0,1530.0,4.6,74.7,21.6,2.0,0.5006535947712418
2017-03-01,789.0,1523.0,4.5,74.7,21.6,1.9,0.5180564674983585
2017-04-01,787.0,1492.0,4.4,74.8,21.6,1.8,0.5274798927613941
2017-05-01,792.0,1488.0,4.4,75.0,21.4,2.0,0.532258064516129
2017-06-01,793.0,1460.0,4.3,75.2,21.3,2.0,0.5431506849315069
2017-07-01,801.0,1456.0,4.3,75.1,21.5,2.1,0.5501373626373627
2017-08-01,806.0,1432.0,4.3,74.9,21.7,2.1,0.5628491620111732
2017-09-01,811.0,1426.0,4.2,75.0,21.6,2.2,0.5687237026647967
2017-10-01,816.0,1441.0,4.3,75.2,21.3,2.3,0.5662734212352533
2017-11-01,815.0,1467.0,4.4,75.1,21.4,2.3,0.5555555555555556
2017-12-01,809.0,1455.0,4.3,75.2,21.3,2.5,0.5560137457044674
2018-01-01,806.0,1423.0,4.2,75.3,21.3,2.6,0.5664089950808152
2018-02-01,808.0,1422.0,4.2,75.5,21.2,2.8,0.5682137834036568
2018-03-01,808.0,1421.0,4.2,75.5,21.1,2.9,0.5686136523574947
2018-04-01,822.0,1413.0,4.2,75.5,21.1,2.9,0.5817409766454352
2018-05-01,841.0,1367.0,4.0,75.4,21.3,2.8,0.6152158010241404
2018-06-01,849.0,1363.0,4.0,75.4,21.4,2.7,0.6228906823184153
2018-07-01,853.0,1368.0,4.0,75.4,21.3,2.9,0.6235380116959064
2018-08-01,853.0,1382.0,4.1,75.4,21.3,3.1,0.6172214182344429
2018-09-01,862.0,1379.0,4.1,75.6,21.1,3.2,0.625090645395214
2018-10-01,856.0,1375.0,4.0,75.6,21.1,3.3,0.6225454545454545
2018-11-01,848.0,1369.0,4.0,75.7,21.1,3.3,0.6194302410518627
2018-12-01,845.0,1345.0,3.9,76.0,20.9,3.4,0.6282527881040892
2019-01-01,836.0,1349.0,4.0,76.0,20.8,3.5,0.6197183098591549
2019-02-01,837.0,1304.0,3.8,75.9,21.0,3.4,0.6418711656441718
2019-03-01,837.0,1312.0,3.8,76.0,20.9,3.4,0.6379573170731707
2019-04-01,837.0,1300.0,3.8,76.0,20.9,3.4,0.6438461538461538
2019-05-01,835.0,1332.0,3.9,76.1,20.7,3.6,0.6268768768768769
2019-06-01,835.0,1321.0,3.9,76.0,20.8,3.9,0.6320968962906889
2019-07-01,830.0,1328.0,3.9,75.9,20.9,3.9,0.625
2019-08-01,827.0,1325.0,3.9,76.0,20.8,3.8,0.6241509433962265
2019-09-01,809.0,1300.0,3.8,76.0,20.9,3.6,0.6223076923076923
2019-10-01,800.0,1313.0,3.8,76.2,20.7,3.5,0.6092916984006093
2019-11-01,799.0,1283.0,3.7,76.4,20.6,3.3,0.622759158222915
2019-12-01,800.0,1341.0,3.9,76.4,20.5,3.2,0.5965697240865027
2020-01-01,808.0,1364.0,3.9,76.5,20.3,3.1,0.592375366568915
2020-02-01,788.0,1410.0,4.1,75.9,20.7,2.9,0.5588652482269504
2020-03-01,635.0,1401.0,4.1,75.7,21.0,2.7,0.4532476802284083
2020-04-01,476.0,1408.0,4.1,75.5,21.2,1.7,0.3380681818181818
2020-05-01,343.0,1388.0,4.1,75.4,21.3,0.7,0.24711815561959655
2020-06-01,384.0,1489.0,4.4,75.2,21.2,-0.2,0.25789120214909333
2020-07-01,445.0,1579.0,4.6,75.0,21.3,0.2,0.2818239392020266
2020-08-01,499.0,1688.0,5.0,74.6,21.4,0.9,0.2956161137440758
2020-09-01,530.0,1757.0,5.2,74.5,21.4,1.9,0.3016505406943654
2020-10-01,549.0,1782.0,5.2,74.5,21.3,2.8,0.30808080808080807
2020-11-01,586.0,1792.0,5.3,74.3,21.5,3.5,0.32700892857142855
2020-12-01,603.0,1761.0,5.2,74.3,21.5,4.0,0.3424190800681431
2021-01-01,609.0,1719.0,5.0,74.5,21.5,4.3,0.3542757417102967
2021-02-01,621.0,1667.0,4.9,74.4,21.6,4.4,0.37252549490101977
2021-03-01,660.0,1641.0,4.8,74.4,21.7,4.6,0.40219378427787933
2021-04-01,771.0,1629.0,4.8,74.4,21.7,5.7,0.4732965009208103
2021-05-01,883.0,1588.0,4.7,74.7,21.6,6.6,0.5560453400503779
2021-06-01,983.0,1566.0,4.6,74.8,21.5,7.4,0.6277139208173691
2021-07-01,1068.0,1545.0,4.5,74.9,21.5,6.8,0.6912621359223301
2021-08-01,1132.0,1496.0,4.4,75.1,21.4,6.0,0.7566844919786097
2021-09-01,1208.0,1471.0,4.3,75.0,21.6,5.1,0.8212100611828688
2021-10-01,1229.0,1435.0,4.2,75.0,21.6,4.4,0.8564459930313589
2021-11-01,1244.0,1427.0,4.2,75.1,21.6,4.0,0.8717589348283111
2021-12-01,1245.0,1403.0,4.1,75.1,21.7,3.9,0.887384176764077
2022-01-01,1254.0,1337.0,3.9,75.0,21.8,4.1,0.9379207180254301
2022-02-01,1259.0,1291.0,3.8,75.1,21.9,4.3,0.9752130131680867
2022-03-01,1277.0,1309.0,3.8,75.2,21.8,4.6,0.975553857906799
2022-04-01,1293.0,1281.0,3.7,75.4,21.7,4.5,1.009367681498829
2022-05-01,1294.0,1297.0,3.8,75.0,21.9,4.7,0.9976869699306091
2022-06-01,1272.0,1245.0,3.6,74.9,22.2,4.9,1.0216867469879518
2022-07-01,1257.0,1229.0,3.6,75.0,22.1,5.3,1.0227827502034175
2022-08-01,1235.0,1272.0,3.7,75.0,22.1,5.5,0.9709119496855346
2022-09-01,1216.0,1312.0,3.8,75.0,21.9,5.8,0.926829268292683
2022-10-01,1170.0,1329.0,3.9,75.0,21.9,6.2,0.8803611738148984
2022-11-01,1138.0,1351.0,3.9,75.1,21.7,6.6,0.8423390081421169
2022-12-01,1108.0,1336.0,3.9,75.2,21.7,6.7,0.8293413173652695
2023-01-01,1101.0,1379.0,4.0,75.1,21.7,6.7,0.7984046410442349
2023-02-01,1089.0,1389.0,4.0,75.3,21.5,6.7,0.7840172786177105
2023-03-01,1065.0,1353.0,3.9,75.5,21.4,6.9,0.7871396895787139
2023-04-01,1040.0,1394.0,4.0,75.4,21.4,7.3,0.7460545193687231
2023-05-01,1029.0,1472.0,4.2,75.2,21.4,7.5,0.6990489130434783
2023-06-01,1018.0,1516.0,4.4,74.9,21.6,7.8,0.6715039577836411
2023-07-01,999.0,1485.0,4.3,74.7,21.9,7.8,0.6727272727272727
2023-08-01,984.0,1424.0,4.1,74.9,21.8,7.9,0.6910112359550562
2023-09-01,958.0,1391.0,4.0,74.9,21.9,7.8,0.6887131560028756
2023-10-01,951.0,1372.0,4.0,74.9,22.0,7.2,0.6931486880466472
2023-11-01,923.0,1340.0,3.9,74.9,22.0,6.6,0.6888059701492537
2023-12-01,910.0,1416.0,4.1,74.7,22.0,6.2,0.6426553672316384
2024-01-01,895.0,1465.0,4.2,74.6,22.1,6.1,0.6109215017064846
2024-02-01,893.0,1514.0,4.3,74.5,22.0,6.0,0.5898282694848085
2024-03-01,885.0,1527.0,4.4,74.4,22.1,5.9,0.5795677799607073
2024-04-01,885.0,1545.0,4.4,74.4,22.1,5.9,0.5728155339805825
2024-05-01,872.0,1470.0,4.2,74.5,22.1,5.8,0.5931972789115646
2024-06-01,867.0,1487.0,4.2,74.7,21.9,5.5,0.5830531271015468
2024-07-01,853.0,1436.0,4.1,75.0,21.8,5.3,0.5940111420612814
2024-08-01,840.0,1502.0,4.3,75.0,21.6,5.2,0.559254327563249
2024-09-01,828.0,1497.0,4.2,74.9,21.7,5.1,0.5531062124248497
2024-10-01,810.0,1559.0,4.4,74.8,21.6,5.4,0.5195638229634381
2024-11-01,805.0,1552.0,4.4,75.0,21.5,5.6,0.5186855670103093
2024-12-01,798.0,1548.0,4.4,75.0,21.5,5.9,0.5155038759689923
2025-01-01,793.0,1584.0,4.5,75.1,21.3,5.8,0.5006313131313131
2025-02-01,775.0,1621.0,4.6,75.1,21.3,5.9,0.4780999383096854
2025-03-01,759.0,1656.0,4.6,75.1,21.2,5.6,0.4583333333333333
2025-04-01,738.0,1679.0,4.7,75.2,21.0,5.3,0.4395473496128648
2025-05-01,730.0,1684.0,4.7,75.3,20.9,5.0,0.4334916864608076
2025-06-01,727.0,1696.0,4.7,75.2,21.0,4.9,0.42865566037735847
2025-07-01,738.0,1738.0,4.8,75.1,21.0,4.8,0.42462600690448793
2025-08-01,729.0,1787.0,5.0,75.1,20.9,4.7,0.40794627867935085
2025-09-01,728.0,1828.0,5.1,74.9,21.0,4.7,0.3982494529540481
2025-10-01,730.0,1833.0,5.1,75.1,20.8,4.6,0.3982542280414621
2025-11-01,739.0,1875.0,5.2,75.0,20.9,4.4,0.39413333333333334
2025-12-01,734.0,1865.0,5.2,75.1,20.7,4.1,0.3935656836461126
2026-01-01,725.0,1777.0,4.9,75.0,21.0,3.8,0.4079909960607766
2026-02-01,718.0,1808.0,5.0,75.0,20.9,3.6,0.3971238938053097
2026-03-01,713.0,1768.0,4.9,75.1,21.0,3.4,0.40328054298642535
2026-04-01,710.0,1760.0,4.9,75.1,20.9,3.4,0.4034090909090909
2026-05-01,711.0,1772.0,4.9,75.1,20.9,3.4,0.40124153498871334
2026-06-01,706.0,1778.0,4.9,75.1,20.9,3.5,0.39707536557930256
